2023-07-05,2023186,35,24,4,27,47,18,+,1,蛇,龙,鼠,牛,蛇,狗,,兔,木,金,土,水,土,土,,金,,155,单,4:3,                    奇,偶,偶,奇,奇,偶                ,43,<a href=/newam6hc-kjjg-2023186.htm style=font-weight:bold; target=_blank>详情</a><a href=https://www.55128.cn/zs/226_44019.htm style=font-weight:bold; color:#333 target=_blank>
2023-07-04,2023185,31,7,29,3,46,18,+,8,鸡,鸡,猪,牛,马,狗,,猴,金,火,火,土,火,土,,火,,134,双,4:3,                    奇,奇,奇,奇,偶,偶                ,43,<a href=/newam6hc-kjjg-2023185.htm style=font-weight:bold; target=_blank>详情</a><a href=https://www.55128.cn/zs/226_44019.htm style=font-weight:bold; color:#333 target=_blank>
2023-07-03,2023184,25,8,21,19,43,22,+,36,兔,猴,羊,鸡,鸡,马,,龙,土,火,木,水,木,木,,木,,138,双,4:3,                    奇,偶,奇,奇,奇,偶                ,35,<a href=/newam6hc-kjjg-2023184.htm style=font-weight:bold; target=_blank>详情</a><a href=https://www.55128.cn/zs/226_44019.htm style=font-weight:bold; color:#333 target=_blank>
2023-07-02,2023183,16,3,25,23,49,37,+,43,鼠,牛,兔,蛇,兔,兔,,鸡,火,土,土,金,水,火,,木,,153,单,6:1,                    偶,奇,奇,奇,奇,奇                ,46,<a href=/newam6hc-kjjg-2023183.htm style=font-weight:bold; target=_blank>详情</a><a href=https://www.55128.cn/zs/226_44019.htm style=font-weight:bold; color:#333 target=_blank>
2023-07-01,2023182,1,4,41,18,29,32,+,8,兔,鼠,猪,狗,猪,猴,,猴,金,土,水,土,火,金,,火,,125,单,3:4,                    奇,偶,奇,偶,奇,偶                ,40,<a href=/newam6hc-kjjg-2023182.htm style=font-weight:bold; target=_blank>详情</a><a href=https://www.55128.cn/zs/226_44019.htm style=font-weight:bold; color:#333 target=_blank>
2023-06-30,2023181,32,2,17,45,8,19,+,23,猴,虎,猪,羊,猴,鸡,,蛇,金,金,土,火,火,水,,金,,123,单,4:3,                    偶,偶,奇,奇,偶,奇                ,43,<a href=/newam6hc-kjjg-2023181.htm style=font-weight:bold; target=_blank>详情</a><a href=https://www.55128.cn/zs/226_44019.htm style=font-weight:bold; color:#333 target=_blank>
2023-06-29,2023180,48,24,40,16,38,22,+,34,龙,龙,鼠,鼠,虎,马,,马,土,金,金,火,火,木,,土,,188,双,0:7,                    偶,偶,偶,偶,偶,偶                ,32,<a href=/newam6hc-kjjg-2023180.htm style=font-weight:bold; target=_blank>详情</a><a href=https://www.55128.cn/zs/226_44019.htm style=font-weight:bold; color:#333 target=_blank>
2023-06-28,2023179,48,28,35,7,25,3,+,4,龙,鼠,蛇,鸡,兔,牛,,鼠,土,水,木,火,土,土,,土,,146,双,4:3,                    偶,偶,奇,奇,奇,奇                ,45,<a href=/newam6hc-kjjg-2023179.htm style=font-weight:bold; target=_blank>详情</a><a href=https://www.55128.cn/zs/226_44019.htm style=font-weight:bold; color:#333 target=_blank>
2023-06-27,2023178,35,21,10,18,14,36,+,2,蛇,羊,马,狗,虎,龙,,虎,木,木,金,土,木,木,,金,,134,双,2:5,                    奇,奇,偶,偶,偶,偶                ,26,<a href=/newam6hc-kjjg-2023178.htm style=font-weight:bold; target=_blank>详情</a><a href=https://www.55128.cn/zs/226_44019.htm style=font-weight:bold; color:#333 target=_blank>
2023-06-26,2023177,33,24,40,32,34,1,+,44,羊,龙,鼠,猴,马,兔,,猴,土,金,金,金,土,金,,木,,164,双,2:5,                    奇,偶,偶,偶,偶,奇                ,39,<a href=/newam6hc-kjjg-2023177.htm style=font-weight:bold; target=_blank>详情</a><a href=https://www.55128.cn/zs/226_44019.htm style=font-weight:bold; color:#333 target=_blank>
2023-06-25,2023176,26,43,37,45,46,2,+,32,虎,鸡,兔,羊,马,虎,,猴,土,木,火,火,火,金,,金,,199,单,3:4,                    偶,奇,奇,奇,偶,偶                ,44,<a href=/newam6hc-kjjg-2023176.htm style=font-weight:bold; target=_blank>详情</a><a href=https://www.55128.cn/zs/226_44019.htm style=font-weight:bold; color:#333 target=_blank>
2023-06-24,2023175,30,37,12,44,24,20,+,6,狗,兔,龙,猴,龙,猴,,狗,火,火,水,木,金,水,,木,,167,单,1:6,                    偶,奇,偶,偶,偶,偶                ,32,<a href=/newam6hc-kjjg-2023175.htm style=font-weight:bold; target=_blank>详情</a><a href=https://www.55128.cn/zs/226_44019.htm style=font-weight:bold; color:#333 target=_blank>
2023-06-23,2023174,34,20,12,19,28,18,+,41,马,猴,龙,鸡,鼠,狗,,猪,土,水,水,水,水,土,,水,,131,单,2:5,                    偶,偶,偶,奇,偶,偶                ,22,<a href=/newam6hc-kjjg-2023174.htm style=font-weight:bold; target=_blank>详情</a><a href=https://www.55128.cn/zs/226_44019.htm style=font-weight:bold; color:#333 target=_blank>
2023-06-22,2023173,40,10,8,31,9,25,+,36,鼠,马,猴,鸡,羊,兔,,龙,金,金,火,金,金,土,,木,,123,单,3:4,                    偶,偶,偶,奇,奇,奇                ,32,<a href=/newam6hc-kjjg-2023173.htm style=font-weight:bold; target=_blank>详情</a><a href=https://www.55128.cn/zs/226_44019.htm style=font-weight:bold; color:#333 target=_blank>
2023-06-21,2023172,38,40,3,31,33,8,+,12,虎,鼠,牛,鸡,羊,猴,,龙,火,金,土,金,土,火,,水,,153,单,3:4,                    偶,偶,奇,奇,奇,偶                ,37,<a href=/newam6hc-kjjg-2023172.htm style=font-weight:bold; target=_blank>详情</a><a href=https://www.55128.cn/zs/226_44019.htm style=font-weight:bold; color:#333 target=_blank>
2023-06-20,2023171,39,35,48,47,41,9,+,10,牛,蛇,龙,蛇,猪,羊,,马,金,木,土,土,水,金,,金,,219,单,5:2,                    奇,奇,偶,奇,奇,奇                ,39,<a href=/newam6hc-kjjg-2023171.htm style=font-weight:bold; target=_blank>详情</a><a href=https://www.55128.cn/zs/226_44019.htm style=font-weight:bold; color:#333 target=_blank>
2023-06-19,2023170,15,31,34,24,5,1,+,10,牛,鸡,马,龙,猪,兔,,马,火,金,土,金,木,金,,金,,110,双,4:3,                    奇,奇,偶,偶,奇,奇                ,33,<a href=/newam6hc-kjjg-2023170.htm style=font-weight:bold; target=_blank>详情</a><a href=https://www.55128.cn/zs/226_44019.htm style=font-weight:bold; color:#333 target=_blank>
2023-06-18,2023169,46,42,2,26,32,30,+,4,马,狗,虎,虎,猴,狗,,鼠,火,水,金,土,金,火,,土,,182,双,0:7,                    偶,偶,偶,偶,偶,偶                ,44,<a href=/newam6hc-kjjg-2023169.htm style=font-weight:bold; target=_blank>详情</a><a href=https://www.55128.cn/zs/226_44019.htm style=font-weight:bold; color:#333 target=_blank>
2023-06-17,2023168,18,29,21,33,42,49,+,12,狗,猪,羊,羊,狗,兔,,龙,土,火,木,土,水,水,,水,,192,双,4:3,                    偶,奇,奇,奇,偶,奇                ,31,<a href=/newam6hc-kjjg-2023168.htm style=font-weight:bold; target=_blank>详情</a><a href=https://www.55128.cn/zs/226_44019.htm style=font-weight:bold; color:#333 target=_blank>
2023-06-16,2023167,49,31,1,15,18,32,+,46,兔,鸡,兔,牛,狗,猴,,马,水,金,金,火,土,金,,火,,146,双,4:3,                    奇,奇,奇,奇,偶,偶                ,48,<a href=/newam6hc-kjjg-2023167.htm style=font-weight:bold; target=_blank>详情</a><a href=https://www.55128.cn/zs/226_44019.htm style=font-weight:bold; color:#333 target=_blank>
2023-06-15,2023166,27,41,7,4,25,17,+,6,牛,猪,鸡,鼠,兔,猪,,狗,水,水,火,土,土,土,,木,,121,单,5:2,                    奇,奇,奇,偶,奇,奇                ,37,<a href=/newam6hc-kjjg-2023166.htm style=font-weight:bold; target=_blank>详情</a><a href=https://www.55128.cn/zs/226_44019.htm style=font-weight:bold; color:#333 target=_blank>
2023-06-14,2023165,14,22,1,5,40,16,+,17,虎,马,兔,猪,鼠,鼠,,猪,木,木,金,木,金,火,,土,,98,双,3:4,                    偶,偶,奇,奇,偶,偶                ,39,<a href=/newam6hc-kjjg-2023165.htm style=font-weight:bold; target=_blank>详情</a><a href=https://www.55128.cn/zs/226_44019.htm style=font-weight:bold; color:#333 target=_blank>
2023-06-13,2023164,15,42,4,26,2,30,+,10,牛,狗,鼠,虎,虎,狗,,马,火,水,土,土,金,火,,金,,119,单,1:6,                    奇,偶,偶,偶,偶,偶                ,40,<a href=/newam6hc-kjjg-2023164.htm style=font-weight:bold; target=_blank>详情</a><a href=https://www.55128.cn/zs/226_44019.htm style=font-weight:bold; color:#333 target=_blank>
2023-06-12,2023163,35,31,39,30,6,44,+,37,蛇,鸡,牛,狗,狗,猴,,兔,木,金,金,火,木,木,,火,,185,单,4:3,                    奇,奇,奇,偶,偶,偶                ,38,<a href=/newam6hc-kjjg-2023163.htm style=font-weight:bold; target=_blank>详情</a><a href=https://www.55128.cn/zs/226_44019.htm style=font-weight:bold; color:#333 target=_blank>
2023-06-11,2023162,7,28,26,11,2,24,+,17,鸡,鼠,虎,蛇,虎,龙,,猪,火,水,土,水,金,金,,土,,98,双,3:4,                    奇,偶,偶,奇,偶,偶                ,26,<a href=/newam6hc-kjjg-2023162.htm style=font-weight:bold; target=_blank>详情</a><a href=https://www.55128.cn/zs/226_44019.htm style=font-weight:bold; color:#333 target=_blank>
2023-06-10,2023161,41,19,34,12,15,44,+,5,猪,鸡,马,龙,牛,猴,,猪,水,水,土,水,火,木,,木,,165,单,4:3,                    奇,奇,偶,偶,奇,偶                ,32,<a href=/newam6hc-kjjg-2023161.htm style=font-weight:bold; target=_blank>详情</a><a href=https://www.55128.cn/zs/226_44019.htm style=font-weight:bold; color:#333 target=_blank>
2023-06-09,2023160,22,45,1,3,24,17,+,42,马,羊,兔,牛,龙,猪,,狗,木,火,金,土,金,土,,水,,112,双,4:3,                    偶,奇,奇,奇,偶,奇                ,44,<a href=/newam6hc-kjjg-2023160.htm style=font-weight:bold; target=_blank>详情</a><a href=https://www.55128.cn/zs/226_44019.htm style=font-weight:bold; color:#333 target=_blank>
2023-06-08,2023159,31,8,1,20,38,45,+,14,鸡,猴,兔,猴,虎,羊,,虎,金,火,金,水,火,火,,木,,143,单,3:4,                    奇,偶,奇,偶,偶,奇                ,44,<a href=/newam6hc-kjjg-2023159.htm style=font-weight:bold; target=_blank>详情</a><a href=https://www.55128.cn/zs/226_44019.htm style=font-weight:bold; color:#333 target=_blank>
2023-06-07,2023158,29,38,49,48,18,10,+,4,猪,虎,兔,龙,狗,马,,鼠,火,火,水,土,土,金,,土,,192,双,2:5,                    奇,偶,奇,偶,偶,偶                ,39,<a href=/newam6hc-kjjg-2023158.htm style=font-weight:bold; target=_blank>详情</a><a href=https://www.55128.cn/zs/226_44019.htm style=font-weight:bold; color:#333 target=_blank>
2023-06-06,2023157,48,3,33,49,35,46,+,44,龙,牛,羊,兔,蛇,马,,猴,土,土,土,水,木,火,,木,,214,双,4:3,                    偶,奇,奇,奇,奇,偶                ,46,<a href=/newam6hc-kjjg-2023157.htm style=font-weight:bold; target=_blank>详情</a><a href=https://www.55128.cn/zs/226_44019.htm style=font-weight:bold; color:#333 target=_blank>
2023-06-05,2023156,4,22,37,1,25,46,+,43,鼠,马,兔,兔,兔,马,,鸡,土,木,火,金,土,火,,木,,135,单,4:3,                    偶,偶,奇,奇,奇,偶                ,45,<a href=/newam6hc-kjjg-2023156.htm style=font-weight:bold; target=_blank>详情</a><a href=https://www.55128.cn/zs/226_44019.htm style=font-weight:bold; color:#333 target=_blank>
2023-06-04,2023155,38,36,42,40,23,21,+,7,虎,龙,狗,鼠,蛇,羊,,鸡,火,木,水,金,金,木,,火,,200,双,3:4,                    偶,偶,偶,偶,奇,奇                ,21,<a href=/newam6hc-kjjg-2023155.htm style=font-weight:bold; target=_blank>详情</a><a href=https://www.55128.cn/zs/226_44019.htm style=font-weight:bold; color:#333 target=_blank>
2023-06-03,2023154,35,47,1,25,8,32,+,3,蛇,蛇,兔,兔,猴,猴,,牛,木,土,金,土,火,金,,土,,148,双,5:2,                    奇,奇,奇,奇,偶,偶                ,46,<a href=/newam6hc-kjjg-2023154.htm style=font-weight:bold; target=_blank>详情</a><a href=https://www.55128.cn/zs/226_44019.htm style=font-weight:bold; color:#333 target=_blank>
2023-06-02,2023153,22,23,42,29,37,12,+,19,马,蛇,狗,猪,兔,龙,,鸡,木,金,水,火,火,水,,水,,165,单,4:3,                    偶,奇,偶,奇,奇,偶                ,30,<a href=/newam6hc-kjjg-2023153.htm style=font-weight:bold; target=_blank>详情</a><a href=https://www.55128.cn/zs/226_44019.htm style=font-weight:bold; color:#333 target=_blank>
2023-06-01,2023152,32,23,19,41,29,17,+,12,猴,蛇,鸡,猪,猪,猪,,龙,金,金,水,水,火,土,,水,,161,单,5:2,                    偶,奇,奇,奇,奇,奇                ,24,<a href=/newam6hc-kjjg-2023152.htm style=font-weight:bold; target=_blank>详情</a><a href=https://www.55128.cn/zs/226_44019.htm style=font-weight:bold; color:#333 target=_blank>
2023-05-31,2023151,15,29,43,16,35,33,+,30,牛,猪,鸡,鼠,蛇,羊,,狗,火,火,木,火,木,土,,火,,171,单,5:2,                    奇,奇,奇,偶,奇,奇                ,28,<a href=/newam6hc-kjjg-2023151.htm style=font-weight:bold; target=_blank>详情</a><a href=https://www.55128.cn/zs/226_44019.htm style=font-weight:bold; color:#333 target=_blank>
2023-05-30,2023150,15,14,29,2,4,7,+,6,牛,虎,猪,虎,鼠,鸡,,狗,火,木,火,金,土,火,,木,,71,单,3:4,                    奇,偶,奇,偶,偶,奇                ,27,<a href=/newam6hc-kjjg-2023150.htm style=font-weight:bold; target=_blank>详情</a><a href=https://www.55128.cn/zs/226_44019.htm style=font-weight:bold; color:#333 target=_blank>
2023-05-29,2023149,10,3,12,29,14,31,+,33,马,牛,龙,猪,虎,鸡,,羊,金,土,水,火,木,金,,土,,99,单,4:3,                    偶,奇,偶,奇,偶,奇                ,28,<a href=/newam6hc-kjjg-2023149.htm style=font-weight:bold; target=_blank>详情</a><a href=https://www.55128.cn/zs/226_44019.htm style=font-weight:bold; color:#333 target=_blank>
2023-05-28,2023148,15,42,38,41,37,31,+,1,牛,狗,虎,猪,兔,鸡,,兔,火,水,火,水,火,金,,金,,204,双,5:2,                    奇,偶,偶,奇,奇,奇                ,27,<a href=/newam6hc-kjjg-2023148.htm style=font-weight:bold; target=_blank>详情</a><a href=https://www.55128.cn/zs/226_44019.htm style=font-weight:bold; color:#333 target=_blank>
2023-05-27,2023147,9,11,29,47,30,8,+,22,羊,蛇,猪,蛇,狗,猴,,马,金,水,火,土,火,火,,木,,134,双,4:3,                    奇,奇,奇,奇,偶,偶                ,39,<a href=/newam6hc-kjjg-2023147.htm style=font-weight:bold; target=_blank>详情</a><a href=https://www.55128.cn/zs/226_44019.htm style=font-weight:bold; color:#333 target=_blank>
2023-05-26,2023146,1,36,44,16,43,30,+,14,兔,龙,猴,鼠,鸡,狗,,虎,金,木,木,火,木,火,,木,,170,双,2:5,                    奇,偶,偶,偶,奇,偶                ,43,<a href=/newam6hc-kjjg-2023146.htm style=font-weight:bold; target=_blank>详情</a><a href=https://www.55128.cn/zs/226_44019.htm style=font-weight:bold; color:#333 target=_blank>
2023-05-25,2023145,44,33,20,30,4,46,+,6,猴,羊,猴,狗,鼠,马,,狗,木,土,水,火,土,火,,木,,177,单,1:6,                    偶,奇,偶,偶,偶,偶                ,42,<a href=/newam6hc-kjjg-2023145.htm style=font-weight:bold; target=_blank>详情</a><a href=https://www.55128.cn/zs/226_44019.htm style=font-weight:bold; color:#333 target=_blank>
2023-05-24,2023144,25,28,16,49,34,26,+,37,兔,鼠,鼠,兔,马,虎,,兔,土,水,火,水,土,土,,火,,178,双,3:4,                    奇,偶,偶,奇,偶,偶                ,33,<a href=/newam6hc-kjjg-2023144.htm style=font-weight:bold; target=_blank>详情</a><a href=https://www.55128.cn/zs/226_44019.htm style=font-weight:bold; color:#333 target=_blank>
2023-05-23,2023143,41,32,44,12,46,25,+,29,猪,猴,猴,龙,马,兔,,猪,水,金,木,水,火,土,,火,,200,双,3:4,                    奇,偶,偶,偶,偶,奇                ,34,<a href=/newam6hc-kjjg-2023143.htm style=font-weight:bold; target=_blank>详情</a><a href=https://www.55128.cn/zs/226_44019.htm style=font-weight:bold; color:#333 target=_blank>
2023-05-22,2023142,28,47,26,49,34,3,+,5,鼠,蛇,虎,兔,马,牛,,猪,水,土,土,水,土,土,,木,,187,单,4:3,                    偶,奇,偶,奇,偶,奇                ,46,<a href=/newam6hc-kjjg-2023142.htm style=font-weight:bold; target=_blank>详情</a><a href=https://www.55128.cn/zs/226_44019.htm style=font-weight:bold; color:#333 target=_blank>
2023-05-21,2023141,49,36,41,19,15,14,+,17,兔,龙,猪,鸡,牛,虎,,猪,水,木,水,水,火,木,,土,,174,双,5:2,                    奇,偶,奇,奇,奇,偶                ,35,<a href=/newam6hc-kjjg-2023141.htm style=font-weight:bold; target=_blank>详情</a><a href=https://www.55128.cn/zs/226_44019.htm style=font-weight:bold; color:#333 target=_blank>
2023-05-20,2023140,37,29,33,25,41,45,+,13,兔,猪,羊,兔,猪,羊,,兔,火,火,土,土,水,火,,木,,210,双,7:0,                    奇,奇,奇,奇,奇,奇                ,20,<a href=/newam6hc-kjjg-2023140.htm style=font-weight:bold; target=_blank>详情</a><a href=https://www.55128.cn/zs/226_44019.htm style=font-weight:bold; color:#333 target=_blank>
2023-05-19,2023139,24,9,39,36,12,11,+,7,龙,羊,牛,龙,龙,蛇,,鸡,金,金,金,木,水,水,,火,,131,单,4:3,                    偶,奇,奇,偶,偶,奇                ,30,<a href=/newam6hc-kjjg-2023139.htm style=font-weight:bold; target=_blank>详情</a><a href=https://www.55128.cn/zs/226_44019.htm style=font-weight:bold; color:#333 target=_blank>
2023-05-18,2023138,47,33,49,17,16,29,+,1,蛇,羊,兔,猪,鼠,猪,,兔,土,土,水,土,火,火,,金,,191,单,6:1,                    奇,奇,奇,奇,偶,奇                ,33,<a href=/newam6hc-kjjg-2023138.htm style=font-weight:bold; target=_blank>详情</a><a href=https://www.55128.cn/zs/226_44019.htm style=font-weight:bold; color:#333 target=_blank>
2023-05-17,2023137,19,18,29,43,7,33,+,6,鸡,狗,猪,鸡,鸡,羊,,狗,水,土,火,木,火,土,,木,,149,单,5:2,                    奇,偶,奇,奇,奇,奇                ,36,<a href=/newam6hc-kjjg-2023137.htm style=font-weight:bold; target=_blank>详情</a><a href=https://www.55128.cn/zs/226_44019.htm style=font-weight:bold; color:#333 target=_blank>
2023-05-16,2023136,4,43,31,32,3,24,+,14,鼠,鸡,鸡,猴,牛,龙,,虎,土,木,金,金,土,金,,木,,137,单,3:4,                    偶,奇,奇,偶,奇,偶                ,40,<a href=/newam6hc-kjjg-2023136.htm style=font-weight:bold; target=_blank>详情</a><a href=https://www.55128.cn/zs/226_44019.htm style=font-weight:bold; color:#333 target=_blank>
2023-05-15,2023135,8,6,3,9,12,27,+,7,猴,狗,牛,羊,龙,牛,,鸡,火,木,土,金,水,水,,火,,65,单,4:3,                    偶,偶,奇,奇,偶,奇                ,24,<a href=/newam6hc-kjjg-2023135.htm style=font-weight:bold; target=_blank>详情</a><a href=https://www.55128.cn/zs/226_44019.htm style=font-weight:bold; color:#333 target=_blank>
2023-05-14,2023134,31,19,15,45,36,2,+,9,鸡,鸡,牛,羊,龙,虎,,羊,金,水,火,火,木,金,,金,,148,双,5:2,                    奇,奇,奇,奇,偶,偶                ,43,<a href=/newam6hc-kjjg-2023134.htm style=font-weight:bold; target=_blank>详情</a><a href=https://www.55128.cn/zs/226_44019.htm style=font-weight:bold; color:#333 target=_blank>
2023-05-13,2023133,30,6,15,26,13,12,+,43,狗,狗,牛,虎,兔,龙,,鸡,火,木,火,土,木,水,,木,,102,双,3:4,                    偶,偶,奇,偶,奇,偶                ,24,<a href=/newam6hc-kjjg-2023133.htm style=font-weight:bold; target=_blank>详情</a><a href=https://www.55128.cn/zs/226_44019.htm style=font-weight:bold; color:#333 target=_blank>
2023-05-12,2023132,46,28,5,26,20,3,+,6,马,鼠,猪,虎,猴,牛,,狗,火,水,木,土,水,土,,木,,128,双,2:5,                    偶,偶,奇,偶,偶,奇                ,43,<a href=/newam6hc-kjjg-2023132.htm style=font-weight:bold; target=_blank>详情</a><a href=https://www.55128.cn/zs/226_44019.htm style=font-weight:bold; color:#333 target=_blank>
2023-05-11,2023131,28,5,38,23,29,8,+,43,鼠,猪,虎,蛇,猪,猴,,鸡,水,木,火,金,火,火,,木,,131,单,4:3,                    偶,奇,偶,奇,奇,偶                ,33,<a href=/newam6hc-kjjg-2023131.htm style=font-weight:bold; target=_blank>详情</a><a href=https://www.55128.cn/zs/226_44019.htm style=font-weight:bold; color:#333 target=_blank>
2023-05-10,2023130,40,14,24,18,7,32,+,21,鼠,虎,龙,狗,鸡,猴,,羊,金,木,金,土,火,金,,木,,135,单,2:5,                    偶,偶,偶,偶,奇,偶                ,33,<a href=/newam6hc-kjjg-2023130.htm style=font-weight:bold; target=_blank>详情</a><a href=https://www.55128.cn/zs/226_44019.htm style=font-weight:bold; color:#333 target=_blank>
2023-05-09,2023129,7,46,34,15,45,14,+,35,鸡,马,马,牛,羊,虎,,蛇,火,火,土,火,火,木,,木,,161,单,4:3,                    奇,偶,偶,奇,奇,偶                ,39,<a href=/newam6hc-kjjg-2023129.htm style=font-weight:bold; target=_blank>详情</a><a href=https://www.55128.cn/zs/226_44019.htm style=font-weight:bold; color:#333 target=_blank>
2023-05-08,2023128,20,7,14,12,23,47,+,31,猴,鸡,虎,龙,蛇,蛇,,鸡,水,火,木,水,金,土,,金,,123,单,4:3,                    偶,奇,偶,偶,奇,奇                ,40,<a href=/newam6hc-kjjg-2023128.htm style=font-weight:bold; target=_blank>详情</a><a href=https://www.55128.cn/zs/226_44019.htm style=font-weight:bold; color:#333 target=_blank>
2023-05-07,2023127,5,42,30,20,28,24,+,2,猪,狗,狗,猴,鼠,龙,,虎,木,水,火,水,水,金,,金,,149,单,1:6,                    奇,偶,偶,偶,偶,偶                ,37,<a href=/newam6hc-kjjg-2023127.htm style=font-weight:bold; target=_blank>详情</a><a href=https://www.55128.cn/zs/226_44019.htm style=font-weight:bold; color:#333 target=_blank>
2023-05-06,2023126,24,29,10,38,20,31,+,11,龙,猪,马,虎,猴,鸡,,蛇,金,火,金,火,水,金,,水,,152,双,3:4,                    偶,奇,偶,偶,偶,奇                ,28,<a href=/newam6hc-kjjg-2023126.htm style=font-weight:bold; target=_blank>详情</a><a href=https://www.55128.cn/zs/226_44019.htm style=font-weight:bold; color:#333 target=_blank>
2023-05-05,2023125,9,26,28,5,16,12,+,22,羊,虎,鼠,猪,鼠,龙,,马,金,土,水,木,火,水,,木,,96,双,2:5,                    奇,偶,偶,奇,偶,偶                ,23,<a href=/newam6hc-kjjg-2023125.htm style=font-weight:bold; target=_blank>详情</a><a href=https://www.55128.cn/zs/226_44019.htm style=font-weight:bold; color:#333 target=_blank>
2023-05-04,2023124,42,34,26,32,28,29,+,35,狗,马,虎,猴,鼠,猪,,蛇,水,土,土,金,水,火,,木,,191,单,2:5,                    偶,偶,偶,偶,偶,奇                ,16,<a href=/newam6hc-kjjg-2023124.htm style=font-weight:bold; target=_blank>详情</a><a href=https://www.55128.cn/zs/226_44019.htm style=font-weight:bold; color:#333 target=_blank>
2023-05-03,2023123,48,40,15,19,36,4,+,21,龙,鼠,牛,鸡,龙,鼠,,羊,土,金,火,水,木,土,,木,,162,双,3:4,                    偶,偶,奇,奇,偶,偶                ,44,<a href=/newam6hc-kjjg-2023123.htm style=font-weight:bold; target=_blank>详情</a><a href=https://www.55128.cn/zs/226_44019.htm style=font-weight:bold; color:#333 target=_blank>
2023-05-02,2023122,9,45,37,1,28,30,+,42,羊,羊,兔,兔,鼠,狗,,狗,金,火,火,金,水,火,,水,,150,双,4:3,                    奇,奇,奇,奇,偶,偶                ,44,<a href=/newam6hc-kjjg-2023122.htm style=font-weight:bold; target=_blank>详情</a><a href=https://www.55128.cn/zs/226_44019.htm style=font-weight:bold; color:#333 target=_blank>
2023-05-01,2023121,8,23,42,41,3,20,+,30,猴,蛇,狗,猪,牛,猴,,狗,火,金,水,水,土,水,,火,,137,单,3:4,                    偶,奇,偶,奇,奇,偶                ,39,<a href=/newam6hc-kjjg-2023121.htm style=font-weight:bold; target=_blank>详情</a><a href=https://www.55128.cn/zs/226_44019.htm style=font-weight:bold; color:#333 target=_blank>
2023-04-30,2023120,25,27,49,39,37,22,+,44,兔,牛,兔,牛,兔,马,,猴,土,水,水,金,火,木,,木,,199,单,5:2,                    奇,奇,奇,奇,奇,偶                ,27,<a href=/newam6hc-kjjg-2023120.htm style=font-weight:bold; target=_blank>详情</a><a href=https://www.55128.cn/zs/226_44019.htm style=font-weight:bold; color:#333 target=_blank>
2023-04-29,2023119,33,16,20,23,22,48,+,28,羊,鼠,猴,蛇,马,龙,,鼠,土,火,水,金,木,土,,水,,162,双,2:5,                    奇,偶,偶,奇,偶,偶                ,32,<a href=/newam6hc-kjjg-2023119.htm style=font-weight:bold; target=_blank>详情</a><a href=https://www.55128.cn/zs/226_44019.htm style=font-weight:bold; color:#333 target=_blank>
2023-04-28,2023118,41,30,13,2,15,10,+,1,猪,狗,兔,虎,牛,马,,兔,水,火,木,金,火,金,,金,,111,单,4:3,                    奇,偶,奇,偶,奇,偶                ,39,<a href=/newam6hc-kjjg-2023118.htm style=font-weight:bold; target=_blank>详情</a><a href=https://www.55128.cn/zs/226_44019.htm style=font-weight:bold; color:#333 target=_blank>
2023-04-27,2023117,22,30,38,3,39,14,+,41,马,狗,虎,牛,牛,虎,,猪,木,火,火,土,金,木,,水,,146,双,3:4,                    偶,偶,偶,奇,奇,偶                ,36,<a href=/newam6hc-kjjg-2023117.htm style=font-weight:bold; target=_blank>详情</a><a href=https://www.55128.cn/zs/226_44019.htm style=font-weight:bold; color:#333 target=_blank>
2023-04-26,2023116,7,14,2,21,6,28,+,49,鸡,虎,虎,羊,狗,鼠,,兔,火,木,金,木,木,水,,水,,78,双,3:4,                    奇,偶,偶,奇,偶,偶                ,26,<a href=/newam6hc-kjjg-2023116.htm style=font-weight:bold; target=_blank>详情</a><a href=https://www.55128.cn/zs/226_44019.htm style=font-weight:bold; color:#333 target=_blank>
2023-04-25,2023115,4,39,40,46,49,32,+,15,鼠,牛,鼠,马,兔,猴,,牛,土,金,金,火,水,金,,火,,210,双,3:4,                    偶,奇,偶,偶,奇,偶                ,45,<a href=/newam6hc-kjjg-2023115.htm style=font-weight:bold; target=_blank>详情</a><a href=https://www.55128.cn/zs/226_44019.htm style=font-weight:bold; color:#333 target=_blank>
2023-04-24,2023114,31,11,25,26,23,17,+,43,鸡,蛇,兔,虎,蛇,猪,,鸡,金,水,土,土,金,土,,木,,133,单,6:1,                    奇,奇,奇,偶,奇,奇                ,20,<a href=/newam6hc-kjjg-2023114.htm style=font-weight:bold; target=_blank>详情</a><a href=https://www.55128.cn/zs/226_44019.htm style=font-weight:bold; color:#333 target=_blank>
2023-04-23,2023113,41,15,23,48,32,13,+,1,猪,牛,蛇,龙,猴,兔,,兔,水,火,金,土,金,木,,金,,172,双,5:2,                    奇,奇,奇,偶,偶,奇                ,35,<a href=/newam6hc-kjjg-2023113.htm style=font-weight:bold; target=_blank>详情</a><a href=https://www.55128.cn/zs/226_44019.htm style=font-weight:bold; color:#333 target=_blank>
2023-04-22,2023112,43,17,48,47,12,40,+,14,鸡,猪,龙,蛇,龙,鼠,,虎,木,土,土,土,水,金,,木,,207,单,3:4,                    奇,奇,偶,奇,偶,偶                ,36,<a href=/newam6hc-kjjg-2023112.htm style=font-weight:bold; target=_blank>详情</a><a href=https://www.55128.cn/zs/226_44019.htm style=font-weight:bold; color:#333 target=_blank>
2023-04-21,2023111,37,12,36,13,45,16,+,18,兔,龙,龙,兔,羊,鼠,,狗,火,水,木,木,火,火,,土,,159,单,3:4,                    奇,偶,偶,奇,奇,偶                ,33,<a href=/newam6hc-kjjg-2023111.htm style=font-weight:bold; target=_blank>详情</a><a href=https://www.55128.cn/zs/226_44019.htm style=font-weight:bold; color:#333 target=_blank>
2023-04-20,2023110,29,35,44,49,13,11,+,16,猪,蛇,猴,兔,兔,蛇,,鼠,火,木,木,水,木,水,,火,,181,单,5:2,                    奇,奇,偶,奇,奇,奇                ,38,<a href=/newam6hc-kjjg-2023110.htm style=font-weight:bold; target=_blank>详情</a><a href=https://www.55128.cn/zs/226_44019.htm style=font-weight:bold; color:#333 target=_blank>
2023-04-19,2023109,47,38,26,3,15,9,+,36,蛇,虎,虎,牛,牛,羊,,龙,土,火,土,土,火,金,,木,,138,双,4:3,                    奇,偶,偶,奇,奇,奇                ,44,<a href=/newam6hc-kjjg-2023109.htm style=font-weight:bold; target=_blank>详情</a><a href=https://www.55128.cn/zs/226_44019.htm style=font-weight:bold; color:#333 target=_blank>
2023-04-18,2023108,39,49,41,9,47,11,+,20,牛,兔,猪,羊,蛇,蛇,,猴,金,水,水,金,土,水,,水,,196,双,6:1,                    奇,奇,奇,奇,奇,奇                ,40,<a href=/newam6hc-kjjg-2023108.htm style=font-weight:bold; target=_blank>详情</a><a href=https://www.55128.cn/zs/226_44019.htm style=font-weight:bold; color:#333 target=_blank>
2023-04-17,2023107,19,4,6,47,46,21,+,28,鸡,鼠,狗,蛇,马,羊,,鼠,水,土,木,土,火,木,,水,,143,单,3:4,                    奇,偶,偶,奇,偶,奇                ,43,<a href=/newam6hc-kjjg-2023107.htm style=font-weight:bold; target=_blank>详情</a><a href=https://www.55128.cn/zs/226_44019.htm style=font-weight:bold; color:#333 target=_blank>
2023-04-16,2023106,43,48,41,12,30,45,+,16,鸡,龙,猪,龙,狗,羊,,鼠,木,土,水,水,火,火,,火,,219,单,3:4,                    奇,偶,奇,偶,偶,奇                ,36,<a href=/newam6hc-kjjg-2023106.htm style=font-weight:bold; target=_blank>详情</a><a href=https://www.55128.cn/zs/226_44019.htm style=font-weight:bold; color:#333 target=_blank>
2023-04-15,2023105,47,44,24,40,20,12,+,33,蛇,猴,龙,鼠,猴,龙,,羊,土,木,金,金,水,水,,土,,187,单,2:5,                    奇,偶,偶,偶,偶,偶                ,35,<a href=/newam6hc-kjjg-2023105.htm style=font-weight:bold; target=_blank>详情</a><a href=https://www.55128.cn/zs/226_44019.htm style=font-weight:bold; color:#333 target=_blank>
2023-04-14,2023104,6,29,17,31,12,26,+,24,狗,猪,猪,鸡,龙,虎,,龙,木,火,土,金,水,土,,金,,121,单,3:4,                    偶,奇,奇,奇,偶,偶                ,25,<a href=/newam6hc-kjjg-2023104.htm style=font-weight:bold; target=_blank>详情</a><a href=https://www.55128.cn/zs/226_44019.htm style=font-weight:bold; color:#333 target=_blank>
2023-04-13,2023103,15,16,12,20,31,23,+,39,牛,鼠,龙,猴,鸡,蛇,,牛,火,火,水,水,金,金,,金,,117,单,4:3,                    奇,偶,偶,偶,奇,奇                ,19,<a href=/newam6hc-kjjg-2023103.htm style=font-weight:bold; target=_blank>详情</a><a href=https://www.55128.cn/zs/226_44019.htm style=font-weight:bold; color:#333 target=_blank>
2023-04-12,2023102,30,19,35,41,10,46,+,47,狗,鸡,蛇,猪,马,马,,蛇,火,水,木,水,金,火,,土,,181,单,4:3,                    偶,奇,奇,奇,偶,偶                ,36,<a href=/newam6hc-kjjg-2023102.htm style=font-weight:bold; target=_blank>详情</a><a href=https://www.55128.cn/zs/226_44019.htm style=font-weight:bold; color:#333 target=_blank>
2023-04-11,2023101,49,21,41,35,45,32,+,23,兔,羊,猪,蛇,羊,猴,,蛇,水,木,水,木,火,金,,金,,223,单,6:1,                    奇,奇,奇,奇,奇,偶                ,28,<a href=/newam6hc-kjjg-2023101.htm style=font-weight:bold; target=_blank>详情</a><a href=https://www.55128.cn/zs/226_44019.htm style=font-weight:bold; color:#333 target=_blank>
2023-04-10,2023100,35,38,29,39,41,2,+,8,蛇,虎,猪,牛,猪,虎,,猴,木,火,火,金,水,金,,火,,184,双,4:3,                    奇,偶,奇,奇,奇,偶                ,39,<a href=/newam6hc-kjjg-2023100.htm style=font-weight:bold; target=_blank>详情</a><a href=https://www.55128.cn/zs/226_44019.htm style=font-weight:bold; color:#333 target=_blank>
2023-04-09,2023099,8,11,32,44,29,4,+,6,猴,蛇,猴,猴,猪,鼠,,狗,火,水,金,木,火,土,,木,,128,双,2:5,                    偶,奇,偶,偶,奇,偶                ,40,<a href=/newam6hc-kjjg-2023099.htm style=font-weight:bold; target=_blank>详情</a><a href=https://www.55128.cn/zs/226_44019.htm style=font-weight:bold; color:#333 target=_blank>
2023-04-08,2023098,39,35,16,21,45,11,+,28,牛,蛇,鼠,羊,羊,蛇,,鼠,金,木,火,木,火,水,,水,,167,单,5:2,                    奇,奇,偶,奇,奇,奇                ,34,<a href=/newam6hc-kjjg-2023098.htm style=font-weight:bold; target=_blank>详情</a><a href=https://www.55128.cn/zs/226_44019.htm style=font-weight:bold; color:#333 target=_blank>
2023-04-07,2023097,18,40,30,47,14,44,+,13,狗,鼠,狗,蛇,虎,猴,,兔,土,金,火,土,木,木,,木,,193,单,2:5,                    偶,偶,偶,奇,偶,偶                ,33,<a href=/newam6hc-kjjg-2023097.htm style=font-weight:bold; target=_blank>详情</a><a href=https://www.55128.cn/zs/226_44019.htm style=font-weight:bold; color:#333 target=_blank>
2023-04-06,2023096,25,16,8,7,1,26,+,4,兔,鼠,猴,鸡,兔,虎,,鼠,土,火,火,火,金,土,,土,,83,单,3:4,                    奇,偶,偶,奇,奇,偶                ,25,<a href=/newam6hc-kjjg-2023096.htm style=font-weight:bold; target=_blank>详情</a><a href=https://www.55128.cn/zs/226_44019.htm style=font-weight:bold; color:#333 target=_blank>
2023-04-05,2023095,11,30,9,25,41,4,+,24,蛇,狗,羊,兔,猪,鼠,,龙,水,火,金,土,水,土,,金,,120,双,4:3,                    奇,偶,奇,奇,奇,偶                ,37,<a href=/newam6hc-kjjg-2023095.htm style=font-weight:bold; target=_blank>详情</a><a href=https://www.55128.cn/zs/226_44019.htm style=font-weight:bold; color:#333 target=_blank>
2023-04-04,2023094,9,5,39,43,38,11,+,1,羊,猪,牛,鸡,虎,蛇,,兔,金,木,金,木,火,水,,金,,145,单,6:1,                    奇,奇,奇,奇,偶,奇                ,38,<a href=/newam6hc-kjjg-2023094.htm style=font-weight:bold; target=_blank>详情</a><a href=https://www.55128.cn/zs/226_44019.htm style=font-weight:bold; color:#333 target=_blank>
2023-04-03,2023093,2,49,37,16,36,4,+,44,虎,兔,兔,鼠,龙,鼠,,猴,金,水,火,火,木,土,,木,,144,双,2:5,                    偶,奇,奇,偶,偶,偶                ,47,<a href=/newam6hc-kjjg-2023093.htm style=font-weight:bold; target=_blank>详情</a><a href=https://www.55128.cn/zs/226_44019.htm style=font-weight:bold; color:#333 target=_blank>
2023-04-02,2023092,48,27,17,20,39,10,+,33,龙,牛,猪,猴,牛,马,,羊,土,水,土,水,金,金,,土,,161,单,4:3,                    偶,奇,奇,偶,奇,偶                ,38,<a href=/newam6hc-kjjg-2023092.htm style=font-weight:bold; target=_blank>详情</a><a href=https://www.55128.cn/zs/226_44019.htm style=font-weight:bold; color:#333 target=_blank>
2023-04-01,2023091,6,8,13,32,40,28,+,35,狗,猴,兔,猴,鼠,鼠,,蛇,木,火,木,金,金,水,,木,,127,单,2:5,                    偶,偶,奇,偶,偶,偶                ,34,<a href=/newam6hc-kjjg-2023091.htm style=font-weight:bold; target=_blank>详情</a><a href=https://www.55128.cn/zs/226_44019.htm style=font-weight:bold; color:#333 target=_blank>
2023-03-31,2023090,21,13,41,12,24,48,+,30,羊,兔,猪,龙,龙,龙,,狗,木,木,水,水,金,土,,火,,159,单,3:4,                    奇,奇,奇,偶,偶,偶                ,36,<a href=/newam6hc-kjjg-2023090.htm style=font-weight:bold; target=_blank>详情</a><a href=https://www.55128.cn/zs/226_44019.htm style=font-weight:bold; color:#333 target=_blank>
2023-03-30,2023089,29,5,31,8,14,45,+,6,猪,猪,鸡,猴,虎,羊,,狗,火,木,金,火,木,火,,木,,132,双,4:3,                    奇,奇,奇,偶,偶,奇                ,40,<a href=/newam6hc-kjjg-2023089.htm style=font-weight:bold; target=_blank>详情</a><a href=https://www.55128.cn/zs/226_44019.htm style=font-weight:bold; color:#333 target=_blank>
2023-03-29,2023088,6,32,17,14,37,47,+,27,狗,猴,猪,虎,兔,蛇,,牛,木,金,土,木,火,土,,水,,153,单,4:3,                    偶,偶,奇,偶,奇,奇                ,41,<a href=/newam6hc-kjjg-2023088.htm style=font-weight:bold; target=_blank>详情</a><a href=https://www.55128.cn/zs/226_44019.htm style=font-weight:bold; color:#333 target=_blank>
2023-03-28,2023087,3,45,18,1,14,44,+,31,牛,羊,狗,兔,虎,猴,,鸡,土,火,土,金,木,木,,金,,125,单,4:3,                    奇,奇,偶,奇,偶,偶                ,44,<a href=/newam6hc-kjjg-2023087.htm style=font-weight:bold; target=_blank>详情</a><a href=https://www.55128.cn/zs/226_44019.htm style=font-weight:bold; color:#333 target=_blank>
2023-03-27,2023086,32,37,14,24,1,10,+,30,猴,兔,虎,龙,兔,马,,狗,金,火,木,金,金,金,,火,,118,双,2:5,                    偶,奇,偶,偶,奇,偶                ,36,<a href=/newam6hc-kjjg-2023086.htm style=font-weight:bold; target=_blank>详情</a><a href=https://www.55128.cn/zs/226_44019.htm style=font-weight:bold; color:#333 target=_blank>
2023-03-26,2023085,36,38,40,24,31,6,+,37,龙,虎,鼠,龙,鸡,狗,,兔,木,火,金,金,金,木,,火,,175,单,2:5,                    偶,偶,偶,偶,奇,偶                ,34,<a href=/newam6hc-kjjg-2023085.htm style=font-weight:bold; target=_blank>详情</a><a href=https://www.55128.cn/zs/226_44019.htm style=font-weight:bold; color:#333 target=_blank>
2023-03-25,2023084,25,43,34,4,20,38,+,39,兔,鸡,马,鼠,猴,虎,,牛,土,木,土,土,水,火,,金,,164,双,3:4,                    奇,奇,偶,偶,偶,偶                ,39,<a href=/newam6hc-kjjg-2023084.htm style=font-weight:bold; target=_blank>详情</a><a href=https://www.55128.cn/zs/226_44019.htm style=font-weight:bold; color:#333 target=_blank>
2023-03-24,2023083,11,16,18,15,44,28,+,1,蛇,鼠,狗,牛,猴,鼠,,兔,水,火,土,火,木,水,,金,,132,双,3:4,                    奇,偶,偶,奇,偶,偶                ,33,<a href=/newam6hc-kjjg-2023083.htm style=font-weight:bold; target=_blank>详情</a><a href=https://www.55128.cn/zs/226_44019.htm style=font-weight:bold; color:#333 target=_blank>
2023-03-23,2023082,23,30,13,36,43,2,+,25,蛇,狗,兔,龙,鸡,虎,,兔,金,火,木,木,木,金,,土,,147,单,4:3,                    奇,偶,奇,偶,奇,偶                ,41,<a href=/newam6hc-kjjg-2023082.htm style=font-weight:bold; target=_blank>详情</a><a href=https://www.55128.cn/zs/226_44019.htm style=font-weight:bold; color:#333 target=_blank>
2023-03-22,2023081,21,24,18,17,27,39,+,35,羊,龙,狗,猪,牛,牛,,蛇,木,金,土,土,水,金,,木,,146,双,5:2,                    奇,偶,偶,奇,奇,奇                ,22,<a href=/newam6hc-kjjg-2023081.htm style=font-weight:bold; target=_blank>详情</a><a href=https://www.55128.cn/zs/226_44019.htm style=font-weight:bold; color:#333 target=_blank>
2023-03-21,2023080,13,10,39,28,22,21,+,19,兔,马,牛,鼠,马,羊,,鸡,木,金,金,水,木,木,,水,,133,单,4:3,                    奇,偶,奇,偶,偶,奇                ,29,<a href=/newam6hc-kjjg-2023080.htm style=font-weight:bold; target=_blank>详情</a><a href=https://www.55128.cn/zs/226_44019.htm style=font-weight:bold; color:#333 target=_blank>
2023-03-20,2023079,22,25,15,41,48,12,+,5,马,兔,牛,猪,龙,龙,,猪,木,土,火,水,土,水,,木,,163,单,4:3,                    偶,奇,奇,奇,偶,偶                ,36,<a href=/newam6hc-kjjg-2023079.htm style=font-weight:bold; target=_blank>详情</a><a href=https://www.55128.cn/zs/226_44019.htm style=font-weight:bold; color:#333 target=_blank>
2023-03-19,2023078,45,30,5,49,25,22,+,37,羊,狗,猪,兔,兔,马,,兔,火,火,木,水,土,木,,火,,176,双,5:2,                    奇,偶,奇,奇,奇,偶                ,44,<a href=/newam6hc-kjjg-2023078.htm style=font-weight:bold; target=_blank>详情</a><a href=https://www.55128.cn/zs/226_44019.htm style=font-weight:bold; color:#333 target=_blank>
2023-03-18,2023077,47,30,37,39,22,44,+,21,蛇,狗,兔,牛,马,猴,,羊,土,火,火,金,木,木,,木,,219,单,4:3,                    奇,偶,奇,奇,偶,偶                ,25,<a href=/newam6hc-kjjg-2023077.htm style=font-weight:bold; target=_blank>详情</a><a href=https://www.55128.cn/zs/226_44019.htm style=font-weight:bold; color:#333 target=_blank>
2023-03-17,2023076,9,12,38,14,47,45,+,7,羊,龙,虎,虎,蛇,羊,,鸡,金,水,火,木,土,火,,火,,165,单,4:3,                    奇,偶,偶,偶,奇,奇                ,38,<a href=/newam6hc-kjjg-2023076.htm style=font-weight:bold; target=_blank>详情</a><a href=https://www.55128.cn/zs/226_44019.htm style=font-weight:bold; color:#333 target=_blank>
2023-03-16,2023075,39,45,19,9,11,49,+,18,牛,羊,鸡,羊,蛇,兔,,狗,金,火,水,金,水,水,,土,,172,双,6:1,                    奇,奇,奇,奇,奇,奇                ,40,<a href=/newam6hc-kjjg-2023075.htm style=font-weight:bold; target=_blank>详情</a><a href=https://www.55128.cn/zs/226_44019.htm style=font-weight:bold; color:#333 target=_blank>
2023-03-15,2023074,40,12,20,8,33,29,+,2,鼠,龙,猴,猴,羊,猪,,虎,金,水,水,火,土,火,,金,,142,双,2:5,                    偶,偶,偶,偶,奇,奇                ,32,<a href=/newam6hc-kjjg-2023074.htm style=font-weight:bold; target=_blank>详情</a><a href=https://www.55128.cn/zs/226_44019.htm style=font-weight:bold; color:#333 target=_blank>
2023-03-14,2023073,27,12,42,1,10,24,+,9,牛,龙,狗,兔,马,龙,,羊,水,水,水,金,金,金,,金,,116,双,3:4,                    奇,偶,偶,奇,偶,偶                ,41,<a href=/newam6hc-kjjg-2023073.htm style=font-weight:bold; target=_blank>详情</a><a href=https://www.55128.cn/zs/226_44019.htm style=font-weight:bold; color:#333 target=_blank>
2023-03-13,2023072,48,33,17,40,20,16,+,6,龙,羊,猪,鼠,猴,鼠,,狗,土,土,土,金,水,火,,木,,174,双,2:5,                    偶,奇,奇,偶,偶,偶                ,32,<a href=/newam6hc-kjjg-2023072.htm style=font-weight:bold; target=_blank>详情</a><a href=https://www.55128.cn/zs/226_44019.htm style=font-weight:bold; color:#333 target=_blank>
2023-03-12,2023071,11,42,13,43,10,32,+,49,蛇,狗,兔,鸡,马,猴,,兔,水,水,木,木,金,金,,水,,151,单,4:3,                    奇,偶,奇,奇,偶,偶                ,33,<a href=/newam6hc-kjjg-2023071.htm style=font-weight:bold; target=_blank>详情</a><a href=https://www.55128.cn/zs/226_44019.htm style=font-weight:bold; color:#333 target=_blank>
2023-03-11,2023070,36,28,17,37,22,1,+,40,龙,鼠,猪,兔,马,兔,,鼠,木,水,土,火,木,金,,金,,141,单,3:4,                    偶,偶,奇,奇,偶,奇                ,36,<a href=/newam6hc-kjjg-2023070.htm style=font-weight:bold; target=_blank>详情</a><a href=https://www.55128.cn/zs/226_44019.htm style=font-weight:bold; color:#333 target=_blank>
2023-03-10,2023069,40,25,43,12,32,6,+,20,鼠,兔,鸡,龙,猴,狗,,猴,金,土,木,水,金,木,,水,,158,双,2:5,                    偶,奇,奇,偶,偶,偶                ,37,<a href=/newam6hc-kjjg-2023069.htm style=font-weight:bold; target=_blank>详情</a><a href=https://www.55128.cn/zs/226_44019.htm style=font-weight:bold; color:#333 target=_blank>
2023-03-09,2023068,25,22,8,17,14,46,+,48,兔,马,猴,猪,虎,马,,龙,土,木,火,土,木,火,,土,,132,双,2:5,                    奇,偶,偶,奇,偶,偶                ,38,<a href=/newam6hc-kjjg-2023068.htm style=font-weight:bold; target=_blank>详情</a><a href=https://www.55128.cn/zs/226_44019.htm style=font-weight:bold; color:#333 target=_blank>
2023-03-08,2023067,27,33,38,13,43,39,+,8,牛,羊,虎,兔,鸡,牛,,猴,水,土,火,木,木,金,,火,,193,单,5:2,                    奇,奇,偶,奇,奇,奇                ,30,<a href=/newam6hc-kjjg-2023067.htm style=font-weight:bold; target=_blank>详情</a><a href=https://www.55128.cn/zs/226_44019.htm style=font-weight:bold; color:#333 target=_blank>
2023-03-07,2023066,47,24,23,2,27,28,+,42,蛇,龙,蛇,虎,牛,鼠,,狗,土,金,金,金,水,水,,水,,151,单,3:4,                    奇,偶,奇,偶,奇,偶                ,45,<a href=/newam6hc-kjjg-2023066.htm style=font-weight:bold; target=_blank>详情</a><a href=https://www.55128.cn/zs/226_44019.htm style=font-weight:bold; color:#333 target=_blank>
2023-03-06,2023065,41,30,10,17,34,14,+,9,猪,狗,马,猪,马,虎,,羊,水,火,金,土,土,木,,金,,146,双,3:4,                    奇,偶,偶,奇,偶,偶                ,31,<a href=/newam6hc-kjjg-2023065.htm style=font-weight:bold; target=_blank>详情</a><a href=https://www.55128.cn/zs/226_44019.htm style=font-weight:bold; color:#333 target=_blank>
2023-03-05,2023064,26,28,45,8,21,2,+,46,虎,鼠,羊,猴,羊,虎,,马,土,水,火,火,木,金,,火,,130,双,2:5,                    偶,偶,奇,偶,奇,偶                ,43,<a href=/newam6hc-kjjg-2023064.htm style=font-weight:bold; target=_blank>详情</a><a href=https://www.55128.cn/zs/226_44019.htm style=font-weight:bold; color:#333 target=_blank>
2023-03-04,2023063,10,35,49,22,34,33,+,32,马,蛇,兔,马,马,羊,,猴,金,木,水,木,土,土,,金,,183,单,3:4,                    偶,奇,奇,偶,偶,奇                ,39,<a href=/newam6hc-kjjg-2023063.htm style=font-weight:bold; target=_blank>详情</a><a href=https://www.55128.cn/zs/226_44019.htm style=font-weight:bold; color:#333 target=_blank>
2023-03-03,2023062,45,40,33,8,39,46,+,27,羊,鼠,羊,猴,牛,马,,牛,火,金,土,火,金,火,,水,,211,单,4:3,                    奇,偶,奇,偶,奇,偶                ,38,<a href=/newam6hc-kjjg-2023062.htm style=font-weight:bold; target=_blank>详情</a><a href=https://www.55128.cn/zs/226_44019.htm style=font-weight:bold; color:#333 target=_blank>
2023-03-02,2023061,16,12,39,27,36,41,+,46,鼠,龙,牛,牛,龙,猪,,马,火,水,金,水,木,水,,火,,171,单,3:4,                    偶,偶,奇,奇,偶,奇                ,29,<a href=/newam6hc-kjjg-2023061.htm style=font-weight:bold; target=_blank>详情</a><a href=https://www.55128.cn/zs/226_44019.htm style=font-weight:bold; color:#333 target=_blank>
2023-03-01,2023060,17,36,45,2,48,11,+,4,猪,龙,羊,虎,龙,蛇,,鼠,土,木,火,金,土,水,,土,,159,单,3:4,                    奇,偶,奇,偶,偶,奇                ,46,<a href=/newam6hc-kjjg-2023060.htm style=font-weight:bold; target=_blank>详情</a><a href=https://www.55128.cn/zs/226_44019.htm style=font-weight:bold; color:#333 target=_blank>
2023-02-28,2023059,41,45,49,31,40,44,+,39,猪,羊,兔,鸡,鼠,猴,,牛,水,火,水,金,金,木,,金,,250,双,5:2,                    奇,奇,奇,奇,偶,偶                ,18,<a href=/newam6hc-kjjg-2023059.htm style=font-weight:bold; target=_blank>详情</a><a href=https://www.55128.cn/zs/226_44019.htm style=font-weight:bold; color:#333 target=_blank>
2023-02-27,2023058,39,37,9,19,16,47,+,49,牛,兔,羊,鸡,鼠,蛇,,兔,金,火,金,水,火,土,,水,,167,单,6:1,                    奇,奇,奇,奇,偶,奇                ,38,<a href=/newam6hc-kjjg-2023058.htm style=font-weight:bold; target=_blank>详情</a><a href=https://www.55128.cn/zs/226_44019.htm style=font-weight:bold; color:#333 target=_blank>
2023-02-26,2023057,18,24,32,21,30,38,+,3,狗,龙,猴,羊,狗,虎,,牛,土,金,金,木,火,火,,土,,163,单,2:5,                    偶,偶,偶,奇,偶,偶                ,20,<a href=/newam6hc-kjjg-2023057.htm style=font-weight:bold; target=_blank>详情</a><a href=https://www.55128.cn/zs/226_44019.htm style=font-weight:bold; color:#333 target=_blank>
2023-02-25,2023056,1,35,31,16,48,28,+,21,兔,蛇,鸡,鼠,龙,鼠,,羊,金,木,金,火,土,水,,木,,159,单,4:3,                    奇,奇,奇,偶,偶,偶                ,47,<a href=/newam6hc-kjjg-2023056.htm style=font-weight:bold; target=_blank>详情</a><a href=https://www.55128.cn/zs/226_44019.htm style=font-weight:bold; color:#333 target=_blank>
2023-02-24,2023055,18,27,11,46,31,3,+,6,狗,牛,蛇,马,鸡,牛,,狗,土,水,水,火,金,土,,木,,136,双,4:3,                    偶,奇,奇,偶,奇,奇                ,43,<a href=/newam6hc-kjjg-2023055.htm style=font-weight:bold; target=_blank>详情</a><a href=https://www.55128.cn/zs/226_44019.htm style=font-weight:bold; color:#333 target=_blank>
2023-02-23,2023054,24,19,14,37,45,43,+,46,龙,鸡,虎,兔,羊,鸡,,马,金,水,木,火,火,木,,火,,182,双,4:3,                    偶,奇,偶,奇,奇,奇                ,31,<a href=/newam6hc-kjjg-2023054.htm style=font-weight:bold; target=_blank>详情</a><a href=https://www.55128.cn/zs/226_44019.htm style=font-weight:bold; color:#333 target=_blank>
2023-02-22,2023053,35,31,38,41,43,36,+,21,蛇,鸡,虎,猪,鸡,龙,,羊,木,金,火,水,木,木,,木,,224,双,5:2,                    奇,奇,偶,奇,奇,偶                ,12,<a href=/newam6hc-kjjg-2023053.htm style=font-weight:bold; target=_blank>详情</a><a href=https://www.55128.cn/zs/226_44019.htm style=font-weight:bold; color:#333 target=_blank>
2023-02-21,2023052,27,1,3,8,29,28,+,26,牛,兔,牛,猴,猪,鼠,,虎,水,金,土,火,火,水,,土,,96,双,4:3,                    奇,奇,奇,偶,奇,偶                ,28,<a href=/newam6hc-kjjg-2023052.htm style=font-weight:bold; target=_blank>详情</a><a href=https://www.55128.cn/zs/226_44019.htm style=font-weight:bold; color:#333 target=_blank>
2023-02-20,2023051,40,35,29,26,46,11,+,5,鼠,蛇,猪,虎,马,蛇,,猪,金,木,火,土,火,水,,木,,187,单,4:3,                    偶,奇,奇,偶,偶,奇                ,35,<a href=/newam6hc-kjjg-2023051.htm style=font-weight:bold; target=_blank>详情</a><a href=https://www.55128.cn/zs/226_44019.htm style=font-weight:bold; color:#333 target=_blank>
2023-02-19,2023050,22,26,32,43,11,49,+,23,马,虎,猴,鸡,蛇,兔,,蛇,木,土,金,木,水,水,,金,,183,单,4:3,                    偶,偶,偶,奇,奇,奇                ,38,<a href=/newam6hc-kjjg-2023050.htm style=font-weight:bold; target=_blank>详情</a><a href=https://www.55128.cn/zs/226_44019.htm style=font-weight:bold; color:#333 target=_blank>
2023-02-18,2023049,35,16,29,11,19,43,+,13,蛇,鼠,猪,蛇,鸡,鸡,,兔,木,火,火,水,水,木,,木,,153,单,6:1,                    奇,偶,奇,奇,奇,奇                ,32,<a href=/newam6hc-kjjg-2023049.htm style=font-weight:bold; target=_blank>详情</a><a href=https://www.55128.cn/zs/226_44019.htm style=font-weight:bold; color:#333 target=_blank>
2023-02-17,2023048,10,19,25,26,29,22,+,2,马,鸡,兔,虎,猪,马,,虎,金,水,土,土,火,木,,金,,131,单,3:4,                    偶,奇,奇,偶,奇,偶                ,19,<a href=/newam6hc-kjjg-2023048.htm style=font-weight:bold; target=_blank>详情</a><a href=https://www.55128.cn/zs/226_44019.htm style=font-weight:bold; color:#333 target=_blank>
2023-02-16,2023047,38,45,43,28,2,31,+,12,虎,羊,鸡,鼠,虎,鸡,,龙,火,火,木,水,金,金,,水,,187,单,3:4,                    偶,奇,奇,偶,偶,奇                ,43,<a href=/newam6hc-kjjg-2023047.htm style=font-weight:bold; target=_blank>详情</a><a href=https://www.55128.cn/zs/226_44019.htm style=font-weight:bold; color:#333 target=_blank>
2023-02-15,2023046,44,25,11,13,40,8,+,30,猴,兔,蛇,兔,鼠,猴,,狗,木,土,水,木,金,火,,火,,141,单,3:4,                    偶,奇,奇,奇,偶,偶                ,36,<a href=/newam6hc-kjjg-2023046.htm style=font-weight:bold; target=_blank>详情</a><a href=https://www.55128.cn/zs/226_44019.htm style=font-weight:bold; color:#333 target=_blank>
2023-02-14,2023045,31,3,7,26,5,18,+,16,鸡,牛,鸡,虎,猪,狗,,鼠,金,土,火,土,木,土,,火,,90,双,4:3,                    奇,奇,奇,偶,奇,偶                ,28,<a href=/newam6hc-kjjg-2023045.htm style=font-weight:bold; target=_blank>详情</a><a href=https://www.55128.cn/zs/226_44019.htm style=font-weight:bold; color:#333 target=_blank>
2023-02-13,2023044,8,32,44,49,15,7,+,11,猴,猴,猴,兔,牛,鸡,,蛇,火,金,木,水,火,火,,水,,155,单,4:3,                    偶,偶,偶,奇,奇,奇                ,42,<a href=/newam6hc-kjjg-2023044.htm style=font-weight:bold; target=_blank>详情</a><a href=https://www.55128.cn/zs/226_44019.htm style=font-weight:bold; color:#333 target=_blank>
2023-02-12,2023043,6,41,23,13,21,5,+,39,狗,猪,蛇,兔,羊,猪,,牛,木,水,金,木,木,木,,金,,109,单,6:1,                    偶,奇,奇,奇,奇,奇                ,36,<a href=/newam6hc-kjjg-2023043.htm style=font-weight:bold; target=_blank>详情</a><a href=https://www.55128.cn/zs/226_44019.htm style=font-weight:bold; color:#333 target=_blank>
2023-02-11,2023042,6,20,19,34,2,16,+,5,狗,猴,鸡,马,虎,鼠,,猪,木,水,水,土,金,火,,木,,97,单,2:5,                    偶,偶,奇,偶,偶,偶                ,32,<a href=/newam6hc-kjjg-2023042.htm style=font-weight:bold; target=_blank>详情</a><a href=https://www.55128.cn/zs/226_44019.htm style=font-weight:bold; color:#333 target=_blank>
2023-02-10,2023041,9,37,29,34,5,22,+,23,羊,兔,猪,马,猪,马,,蛇,金,火,火,土,木,木,,金,,136,双,5:2,                    奇,奇,奇,偶,奇,偶                ,32,<a href=/newam6hc-kjjg-2023041.htm style=font-weight:bold; target=_blank>详情</a><a href=https://www.55128.cn/zs/226_44019.htm style=font-weight:bold; color:#333 target=_blank>
2023-02-09,2023040,18,1,22,39,28,2,+,31,狗,兔,马,牛,鼠,虎,,鸡,土,金,木,金,水,金,,金,,110,双,3:4,                    偶,奇,偶,奇,偶,偶                ,38,<a href=/newam6hc-kjjg-2023040.htm style=font-weight:bold; target=_blank>详情</a><a href=https://www.55128.cn/zs/226_44019.htm style=font-weight:bold; color:#333 target=_blank>
2023-02-08,2023039,17,42,10,8,7,26,+,9,猪,狗,马,猴,鸡,虎,,羊,土,水,金,火,火,土,,金,,110,双,3:4,                    奇,偶,偶,偶,奇,偶                ,35,<a href=/newam6hc-kjjg-2023039.htm style=font-weight:bold; target=_blank>详情</a><a href=https://www.55128.cn/zs/226_44019.htm style=font-weight:bold; color:#333 target=_blank>
2023-02-07,2023038,41,4,1,21,47,38,+,30,猪,鼠,兔,羊,蛇,虎,,狗,水,土,金,木,土,火,,火,,152,双,4:3,                    奇,偶,奇,奇,奇,偶                ,46,<a href=/newam6hc-kjjg-2023038.htm style=font-weight:bold; target=_blank>详情</a><a href=https://www.55128.cn/zs/226_44019.htm style=font-weight:bold; color:#333 target=_blank>
2023-02-06,2023037,47,23,44,45,39,42,+,21,蛇,蛇,猴,羊,牛,狗,,羊,土,金,木,火,金,水,,木,,240,双,5:2,                    奇,奇,偶,奇,奇,偶                ,24,<a href=/newam6hc-kjjg-2023037.htm style=font-weight:bold; target=_blank>详情</a><a href=https://www.55128.cn/zs/226_44019.htm style=font-weight:bold; color:#333 target=_blank>
2023-02-05,2023036,9,35,3,14,1,42,+,4,羊,蛇,牛,虎,兔,狗,,鼠,金,木,土,木,金,水,,土,,104,双,4:3,                    奇,奇,奇,偶,奇,偶                ,41,<a href=/newam6hc-kjjg-2023036.htm style=font-weight:bold; target=_blank>详情</a><a href=https://www.55128.cn/zs/226_44019.htm style=font-weight:bold; color:#333 target=_blank>
2023-02-04,2023035,34,10,42,27,32,38,+,48,马,马,狗,牛,猴,虎,,龙,土,金,水,水,金,火,,土,,183,单,1:6,                    偶,偶,偶,奇,偶,偶                ,32,<a href=/newam6hc-kjjg-2023035.htm style=font-weight:bold; target=_blank>详情</a><a href=https://www.55128.cn/zs/226_44019.htm style=font-weight:bold; color:#333 target=_blank>
2023-02-03,2023034,2,30,15,41,34,42,+,47,虎,狗,牛,猪,马,狗,,蛇,金,火,火,水,土,水,,土,,164,双,3:4,                    偶,偶,奇,奇,偶,偶                ,40,<a href=/newam6hc-kjjg-2023034.htm style=font-weight:bold; target=_blank>详情</a><a href=https://www.55128.cn/zs/226_44019.htm style=font-weight:bold; color:#333 target=_blank>
2023-02-02,2023033,14,16,13,41,7,20,+,4,虎,鼠,兔,猪,鸡,猴,,鼠,木,火,木,水,火,水,,土,,111,单,3:4,                    偶,偶,奇,奇,奇,偶                ,34,<a href=/newam6hc-kjjg-2023033.htm style=font-weight:bold; target=_blank>详情</a><a href=https://www.55128.cn/zs/226_44019.htm style=font-weight:bold; color:#333 target=_blank>
2023-02-01,2023032,38,7,8,1,30,19,+,11,虎,鸡,猴,兔,狗,鸡,,蛇,火,火,火,金,火,水,,水,,103,单,4:3,                    偶,奇,偶,奇,偶,奇                ,37,<a href=/newam6hc-kjjg-2023032.htm style=font-weight:bold; target=_blank>详情</a><a href=https://www.55128.cn/zs/226_44019.htm style=font-weight:bold; color:#333 target=_blank>
2023-01-31,2023031,23,9,42,44,37,10,+,11,蛇,羊,狗,猴,兔,马,,蛇,金,金,水,木,火,金,,水,,165,单,4:3,                    奇,奇,偶,偶,奇,偶                ,35,<a href=/newam6hc-kjjg-2023031.htm style=font-weight:bold; target=_blank>详情</a><a href=https://www.55128.cn/zs/226_44019.htm style=font-weight:bold; color:#333 target=_blank>
2023-01-30,2023030,7,1,43,48,37,44,+,36,鸡,兔,鸡,龙,兔,猴,,龙,火,金,木,土,火,木,,木,,180,双,4:3,                    奇,奇,奇,偶,奇,偶                ,47,<a href=/newam6hc-kjjg-2023030.htm style=font-weight:bold; target=_blank>详情</a><a href=https://www.55128.cn/zs/226_44019.htm style=font-weight:bold; color:#333 target=_blank>
2023-01-29,2023029,24,47,40,42,8,36,+,18,龙,蛇,鼠,狗,猴,龙,,狗,金,土,金,水,火,木,,土,,197,单,1:6,                    偶,奇,偶,偶,偶,偶                ,39,<a href=/newam6hc-kjjg-2023029.htm style=font-weight:bold; target=_blank>详情</a><a href=https://www.55128.cn/zs/226_44019.htm style=font-weight:bold; color:#333 target=_blank>
2023-01-28,2023028,45,19,12,48,28,20,+,2,羊,鸡,龙,龙,鼠,猴,,虎,火,水,水,土,水,水,,金,,172,双,2:5,                    奇,奇,偶,偶,偶,偶                ,36,<a href=/newam6hc-kjjg-2023028.htm style=font-weight:bold; target=_blank>详情</a><a href=https://www.55128.cn/zs/226_44019.htm style=font-weight:bold; color:#333 target=_blank>
2023-01-27,2023027,12,43,30,9,2,36,+,35,龙,鸡,狗,羊,虎,龙,,蛇,水,木,火,金,金,木,,木,,132,双,3:4,                    偶,奇,偶,奇,偶,偶                ,41,<a href=/newam6hc-kjjg-2023027.htm style=font-weight:bold; target=_blank>详情</a><a href=https://www.55128.cn/zs/226_44019.htm style=font-weight:bold; color:#333 target=_blank>
2023-01-26,2023026,45,6,43,25,5,34,+,32,羊,狗,鸡,兔,猪,马,,猴,火,木,木,土,木,土,,金,,158,双,4:3,                    奇,偶,奇,奇,奇,偶                ,40,<a href=/newam6hc-kjjg-2023026.htm style=font-weight:bold; target=_blank>详情</a><a href=https://www.55128.cn/zs/226_44019.htm style=font-weight:bold; color:#333 target=_blank>
2023-01-25,2023025,4,11,16,38,29,26,+,9,鼠,蛇,鼠,虎,猪,虎,,羊,土,水,火,火,火,土,,金,,124,双,3:4,                    偶,奇,偶,偶,奇,偶                ,34,<a href=/newam6hc-kjjg-2023025.htm style=font-weight:bold; target=_blank>详情</a><a href=https://www.55128.cn/zs/226_44019.htm style=font-weight:bold; color:#333 target=_blank>
2023-01-24,2023024,2,38,1,48,27,11,+,36,虎,虎,兔,龙,牛,蛇,,龙,金,火,金,土,水,水,,木,,127,单,3:4,                    偶,偶,奇,偶,奇,奇                ,47,<a href=/newam6hc-kjjg-2023024.htm style=font-weight:bold; target=_blank>详情</a><a href=https://www.55128.cn/zs/226_44019.htm style=font-weight:bold; color:#333 target=_blank>
2023-01-23,2023023,17,47,34,44,27,13,+,40,猪,蛇,马,猴,牛,兔,,鼠,土,土,土,木,水,木,,金,,182,双,4:3,                    奇,奇,偶,偶,奇,奇                ,34,<a href=/newam6hc-kjjg-2023023.htm style=font-weight:bold; target=_blank>详情</a><a href=https://www.55128.cn/zs/226_44019.htm style=font-weight:bold; color:#333 target=_blank>
2023-01-22,2023022,40,12,14,19,18,2,+,7,鼠,龙,虎,鸡,狗,虎,,鸡,金,水,木,水,土,金,,火,,105,单,2:5,                    偶,偶,偶,奇,偶,偶                ,38,<a href=/newam6hc-kjjg-2023022.htm style=font-weight:bold; target=_blank>详情</a><a href=https://www.55128.cn/zs/226_44019.htm style=font-weight:bold; color:#333 target=_blank>
2023-01-21,2023021,47,37,27,39,19,18,+,45,蛇,兔,牛,牛,鸡,狗,,羊,土,火,水,金,水,土,,火,,187,单,6:1,                    奇,奇,奇,奇,奇,偶                ,29,<a href=/newam6hc-kjjg-2023021.htm style=font-weight:bold; target=_blank>详情</a><a href=https://www.55128.cn/zs/226_44019.htm style=font-weight:bold; color:#333 target=_blank>
2023-01-20,2023020,44,31,26,4,38,3,+,49,猴,鸡,虎,鼠,虎,牛,,兔,木,金,土,土,火,土,,水,,146,双,3:4,                    偶,奇,偶,偶,偶,奇                ,41,<a href=/newam6hc-kjjg-2023020.htm style=font-weight:bold; target=_blank>详情</a><a href=https://www.55128.cn/zs/226_44019.htm style=font-weight:bold; color:#333 target=_blank>
2023-01-19,2023019,30,45,15,17,12,19,+,32,狗,羊,牛,猪,龙,鸡,,猴,火,火,火,土,水,水,,金,,138,双,4:3,                    偶,奇,奇,奇,偶,奇                ,33,<a href=/newam6hc-kjjg-2023019.htm style=font-weight:bold; target=_blank>详情</a><a href=https://www.55128.cn/zs/226_44019.htm style=font-weight:bold; color:#333 target=_blank>
2023-01-18,2023018,35,29,17,11,46,32,+,26,蛇,猪,猪,蛇,马,猴,,虎,木,火,土,水,火,金,,土,,170,双,4:3,                    奇,奇,奇,奇,偶,偶                ,35,<a href=/newam6hc-kjjg-2023018.htm style=font-weight:bold; target=_blank>详情</a><a href=https://www.55128.cn/zs/226_44019.htm style=font-weight:bold; color:#333 target=_blank>
2023-01-17,2023017,23,33,13,7,49,5,+,48,蛇,羊,兔,鸡,兔,猪,,龙,金,土,木,火,水,木,,土,,130,双,6:1,                    奇,奇,奇,奇,奇,奇                ,44,<a href=/newam6hc-kjjg-2023017.htm style=font-weight:bold; target=_blank>详情</a><a href=https://www.55128.cn/zs/226_44019.htm style=font-weight:bold; color:#333 target=_blank>
2023-01-16,2023016,43,25,38,6,17,11,+,36,鸡,兔,虎,狗,猪,蛇,,龙,木,土,火,木,土,水,,木,,140,双,4:3,                    奇,奇,偶,偶,奇,奇                ,37,<a href=/newam6hc-kjjg-2023016.htm style=font-weight:bold; target=_blank>详情</a><a href=https://www.55128.cn/zs/226_44019.htm style=font-weight:bold; color:#333 target=_blank>
2023-01-15,2023015,40,42,30,16,7,8,+,12,鼠,狗,狗,鼠,鸡,猴,,龙,金,水,火,火,火,火,,水,,143,单,1:6,                    偶,偶,偶,偶,奇,偶                ,35,<a href=/newam6hc-kjjg-2023015.htm style=font-weight:bold; target=_blank>详情</a><a href=https://www.55128.cn/zs/226_44019.htm style=font-weight:bold; color:#333 target=_blank>
2023-01-14,2023014,36,7,16,39,1,30,+,13,龙,鸡,鼠,牛,兔,狗,,兔,木,火,火,金,金,火,,木,,129,单,4:3,                    偶,奇,偶,奇,奇,偶                ,38,<a href=/newam6hc-kjjg-2023014.htm style=font-weight:bold; target=_blank>详情</a><a href=https://www.55128.cn/zs/226_44019.htm style=font-weight:bold; color:#333 target=_blank>
2023-01-13,2023013,35,20,12,44,7,36,+,15,蛇,猴,龙,猴,鸡,龙,,牛,木,水,水,木,火,木,,火,,154,双,3:4,                    奇,偶,偶,偶,奇,偶                ,37,<a href=/newam6hc-kjjg-2023013.htm style=font-weight:bold; target=_blank>详情</a><a href=https://www.55128.cn/zs/226_44019.htm style=font-weight:bold; color:#333 target=_blank>
2023-01-12,2023012,6,2,23,22,10,3,+,49,狗,虎,蛇,马,马,牛,,兔,木,金,金,木,金,土,,水,,66,双,3:4,                    偶,偶,奇,偶,偶,奇                ,21,<a href=/newam6hc-kjjg-2023012.htm style=font-weight:bold; target=_blank>详情</a><a href=https://www.55128.cn/zs/226_44019.htm style=font-weight:bold; color:#333 target=_blank>
2023-01-11,2023011,6,20,27,25,44,5,+,16,狗,猴,牛,兔,猴,猪,,鼠,木,水,水,土,木,木,,火,,127,单,3:4,                    偶,偶,奇,奇,偶,奇                ,39,<a href=/newam6hc-kjjg-2023011.htm style=font-weight:bold; target=_blank>详情</a><a href=https://www.55128.cn/zs/226_44019.htm style=font-weight:bold; color:#333 target=_blank>
2023-01-10,2023010,24,12,20,46,42,15,+,9,龙,龙,猴,马,狗,牛,,羊,金,水,水,火,水,火,,金,,159,单,2:5,                    偶,偶,偶,偶,偶,奇                ,34,<a href=/newam6hc-kjjg-2023010.htm style=font-weight:bold; target=_blank>详情</a><a href=https://www.55128.cn/zs/226_44019.htm style=font-weight:bold; color:#333 target=_blank>
2023-01-09,2023009,14,23,26,49,18,43,+,9,虎,蛇,虎,兔,狗,鸡,,羊,木,金,土,水,土,木,,金,,173,单,4:3,                    偶,奇,偶,奇,偶,奇                ,35,<a href=/newam6hc-kjjg-2023009.htm style=font-weight:bold; target=_blank>详情</a><a href=https://www.55128.cn/zs/226_44019.htm style=font-weight:bold; color:#333 target=_blank>
2023-01-08,2023008,43,11,30,28,20,5,+,6,鸡,蛇,狗,鼠,猴,猪,,狗,木,水,火,水,水,木,,木,,137,单,3:4,                    奇,奇,偶,偶,偶,奇                ,38,<a href=/newam6hc-kjjg-2023008.htm style=font-weight:bold; target=_blank>详情</a><a href=https://www.55128.cn/zs/226_44019.htm style=font-weight:bold; color:#333 target=_blank>
2023-01-07,2023007,14,47,42,27,23,39,+,26,虎,蛇,狗,牛,蛇,牛,,虎,木,土,水,水,金,金,,土,,192,双,4:3,                    偶,奇,偶,奇,奇,奇                ,33,<a href=/newam6hc-kjjg-2023007.htm style=font-weight:bold; target=_blank>详情</a><a href=https://www.55128.cn/zs/226_44019.htm style=font-weight:bold; color:#333 target=_blank>
2023-01-06,2023006,32,12,26,20,8,48,+,47,猴,龙,虎,猴,猴,龙,,蛇,金,水,土,水,火,土,,土,,146,双,1:6,                    偶,偶,偶,偶,偶,偶                ,40,<a href=/newam6hc-kjjg-2023006.htm style=font-weight:bold; target=_blank>详情</a><a href=https://www.55128.cn/zs/226_44019.htm style=font-weight:bold; color:#333 target=_blank>
2023-01-05,2023005,44,9,21,36,3,49,+,41,猴,羊,羊,龙,牛,兔,,猪,木,金,木,木,土,水,,水,,162,双,5:2,                    偶,奇,奇,偶,奇,奇                ,46,<a href=/newam6hc-kjjg-2023005.htm style=font-weight:bold; target=_blank>详情</a><a href=https://www.55128.cn/zs/226_44019.htm style=font-weight:bold; color:#333 target=_blank>
2023-01-04,2023004,26,21,13,3,49,41,+,39,虎,羊,兔,牛,兔,猪,,牛,土,木,木,土,水,水,,金,,153,单,6:1,                    偶,奇,奇,奇,奇,奇                ,46,<a href=/newam6hc-kjjg-2023004.htm style=font-weight:bold; target=_blank>详情</a><a href=https://www.55128.cn/zs/226_44019.htm style=font-weight:bold; color:#333 target=_blank>
2023-01-03,2023003,10,35,43,30,47,36,+,18,马,蛇,鸡,狗,蛇,龙,,狗,金,木,木,火,土,木,,土,,201,单,3:4,                    偶,奇,奇,偶,奇,偶                ,37,<a href=/newam6hc-kjjg-2023003.htm style=font-weight:bold; target=_blank>详情</a><a href=https://www.55128.cn/zs/226_44019.htm style=font-weight:bold; color:#333 target=_blank>
2023-01-02,2023002,34,48,41,24,30,4,+,39,马,龙,猪,龙,狗,鼠,,牛,土,土,水,金,火,土,,金,,181,单,2:5,                    偶,偶,奇,偶,偶,偶                ,44,<a href=/newam6hc-kjjg-2023002.htm style=font-weight:bold; target=_blank>详情</a><a href=https://www.55128.cn/zs/226_44019.htm style=font-weight:bold; color:#333 target=_blank>
2023-01-01,2023001,1,49,14,23,31,46,+,32,兔,兔,虎,蛇,鸡,马,,猴,金,水,木,金,金,火,,金,,164,双,4:3,                    奇,奇,偶,奇,奇,偶                ,48,<a href=/newam6hc-kjjg-2023001.htm style=font-weight:bold; target=_blank>详情</a><a href=https://www.55128.cn/zs/226_44019.htm style=font-weight:bold; color:#333 target=_blank>
